{ "backgroundcolor":"#3b97d3",
 "compressionlevel":-1,
 "height":26,
 "infinite":false,
 "layers":[
        {
         "draworder":"topdown",
         "id":1,
         "name":"background-near",
         "objects":[
                {
                 "gid":7,
                 "height":262.666666666667,
                 "id":11,
                 "name":"ground",
                 "rotation":0,
                 "type":"",
                 "visible":true,
                 "width":1736,
                 "x":-256,
                 "y":920.666666666667
                }, 
                {
                 "gid":6,
                 "height":832,
                 "id":34,
                 "name":"",
                 "rotation":0,
                 "type":"",
                 "visible":true,
                 "width":1216,
                 "x":122,
                 "y":810
                }],
         "opacity":1,
         "type":"objectgroup",
         "visible":true,
         "x":0,
         "y":0
        }, 
        {
         "draworder":"topdown",
         "id":6,
         "name":"background-far",
         "objects":[
                {
                 "gid":6,
                 "height":600,
                 "id":8,
                 "name":"",
                 "rotation":0,
                 "type":"",
                 "visible":true,
                 "width":954,
                 "x":-226,
                 "y":768
                }, 
                {
                 "gid":2147483654,
                 "height":546,
                 "id":35,
                 "name":"",
                 "rotation":0,
                 "type":"",
                 "visible":true,
                 "width":826,
                 "x":710,
                 "y":782
                }],
         "opacity":0.57,
         "parallaxx":0.7,
         "parallaxy":0.7,
         "type":"objectgroup",
         "visible":true,
         "x":0,
         "y":0
        }, 
        {
         "draworder":"topdown",
         "id":2,
         "name":"clouds",
         "objects":[
                {
                 "gid":8,
                 "height":61.3333333333333,
                 "id":14,
                 "name":"",
                 "rotation":0,
                 "type":"",
                 "visible":true,
                 "width":184,
                 "x":640,
                 "y":320
                }, 
                {
                 "gid":8,
                 "height":61.3333333333333,
                 "id":17,
                 "name":"",
                 "rotation":0,
                 "type":"",
                 "visible":true,
                 "width":184,
                 "x":336,
                 "y":144
                }, 
                {
                 "gid":8,
                 "height":61.3333333333333,
                 "id":21,
                 "name":"",
                 "rotation":0,
                 "type":"",
                 "visible":true,
                 "width":192,
                 "x":1024,
                 "y":145
                }, 
                {
                 "gid":2147483656,
                 "height":61.3333333333333,
                 "id":23,
                 "name":"",
                 "rotation":0,
                 "type":"",
                 "visible":true,
                 "width":184,
                 "x":44,
                 "y":136
                }, 
                {
                 "gid":2147483656,
                 "height":103.333333333333,
                 "id":36,
                 "name":"",
                 "rotation":0,
                 "type":"",
                 "visible":true,
                 "width":284,
                 "x":926,
                 "y":307
                }, 
                {
                 "gid":8,
                 "height":103.333333333333,
                 "id":37,
                 "name":"",
                 "rotation":0,
                 "type":"",
                 "visible":true,
                 "width":284,
                 "x":124,
                 "y":353
                }],
         "opacity":0.490000009536743,
         "parallaxx":0.5,
         "parallaxy":0.5,
         "type":"objectgroup",
         "visible":true,
         "x":0,
         "y":0
        }, 
        {
         "draworder":"topdown",
         "id":3,
         "name":"title",
         "objects":[
                {
                 "gid":4,
                 "height":386,
                 "id":1,
                 "name":"logo",
                 "rotation":0,
                 "type":"",
                 "visible":true,
                 "width":736,
                 "x":256,
                 "y":480
                }],
         "opacity":1,
         "parallaxx":1.2,
         "parallaxy":1.2,
         "type":"objectgroup",
         "visible":true,
         "x":0,
         "y":0
        }, 
        {
         "draworder":"topdown",
         "id":4,
         "name":"help",
         "objects":[
                {
                 "gid":3,
                 "height":715.669407858419,
                 "id":26,
                 "name":"",
                 "rotation":0,
                 "type":"",
                 "visible":true,
                 "width":745.251573276788,
                 "x":237.507948400548,
                 "y":739.425850721188
                }],
         "opacity":1,
         "parallaxx":1.05,
         "parallaxy":1.05,
         "type":"objectgroup",
         "visible":false,
         "x":0,
         "y":0
        }, 
        {
         "draworder":"topdown",
         "id":5,
         "name":"buttons",
         "objects":[
                {
                 "gid":2,
                 "height":85.3333333333333,
                 "id":2,
                 "name":"start",
                 "rotation":0,
                 "type":"",
                 "visible":true,
                 "width":256,
                 "x":485,
                 "y":655.333333333333
                }, 
                {
                 "gid":1,
                 "height":64,
                 "id":3,
                 "name":"help",
                 "rotation":0,
                 "type":"",
                 "visible":true,
                 "width":192,
                 "x":515.599635905335,
                 "y":761.206553703963
                }],
         "opacity":1,
         "parallaxx":1.1,
         "parallaxy":1.1,
         "type":"objectgroup",
         "visible":true,
         "x":0,
         "y":0
        }],
 "nextlayerid":8,
 "nextobjectid":39,
 "orientation":"orthogonal",
 "parallaxoriginx":608,
 "parallaxoriginy":416,
 "renderorder":"right-down",
 "tiledversion":"1.8.2",
 "tileheight":32,
 "tilesets":[
        {
         "columns":0,
         "firstgid":1,
         "margin":0,
         "name":"ui",
         "spacing":0,
         "tilecount":7,
         "tileheight":832,
         "tiles":[
                {
                 "id":0,
                 "image":"buttonHelp.png",
                 "imageheight":64,
                 "imagewidth":192
                }, 
                {
                 "id":1,
                 "image":"buttonStart.png",
                 "imageheight":64,
                 "imagewidth":192
                }, 
                {
                 "id":2,
                 "image":"helpBackground.png",
                 "imageheight":416,
                 "imagewidth":416
                }, 
                {
                 "id":3,
                 "image":"title.png",
                 "imageheight":224,
                 "imagewidth":448
                }, 
                {
                 "id":5,
                 "image":"backgroundSet.png",
                 "imageheight":832,
                 "imagewidth":1232
                }, 
                {
                 "id":6,
                 "image":"block.png",
                 "imageheight":64,
                 "imagewidth":64
                }, 
                {
                 "id":7,
                 "image":"cloud.png",
                 "imageheight":128,
                 "imagewidth":384
                }],
         "tilewidth":1232
        }],
 "tilewidth":32,
 "type":"map",
 "version":"1.8",
 "width":38
}